Câu hỏi,Câu trả lời,chunk,embedding
trường đại học công nghệ thông tin dhqg tp hcm được thành lập từ khi nào?,trường đại học công nghệ thông tin dhqg tp hcm được thành lập từ ngày 8 tháng 6 năm 2006. trường đại học công nghệ thông tin uit đại học quốc gia thành phố hồ chí minh được thành lập vào ngày 8 tháng 6 năm 2006 theo quyết định của thủ tướng chính phủ.,trường đại học công nghệ thông tin dhqg tp hcm được thành lập từ khi nào?,"[ 2.99618710e-02 -1.20708086e-01 -4.89448786e-01 -2.33949706e-01
 -1.67371824e-01  6.61417767e-02  3.09746712e-01  3.61015081e-01
 -1.03135191e-01 -9.90127921e-02  1.03588058e-02 -1.31692857e-01
  1.84934065e-01 -6.10962249e-02  1.63017377e-01 -1.73772559e-01
  2.25908950e-01 -5.35576530e-02  9.13873315e-02 -1.79300740e-01
  5.19837916e-01  1.41025648e-01 -1.20792530e-01  2.84901232e-01
  1.41914234e-01 -1.51442528e-01  2.38123998e-01  5.77907503e-01
 -3.18714410e-01  4.41321731e-01  3.88010263e-01  2.76720136e-01
  2.26955593e-01  1.18673623e-01  4.40629572e-01 -2.12979138e-01
  8.25539827e-02  8.52060691e-02  3.32075328e-01  3.06706339e-01
 -6.52819574e-02 -2.73187310e-01  2.05238894e-01  7.89668411e-02
 -4.90504146e-01  2.53150817e-02 -1.27820224e-01  2.91850179e-01
  2.39394069e-01  1.60961345e-01 -5.28310776e-01 -1.03312843e-01
  2.09287882e-01  4.66213852e-01 -2.49803066e-01 -3.39731723e-01
 -3.95386815e-01  1.49593249e-01 -4.23915058e-01  4.21229690e-01
 -4.53912109e-01 -1.29023746e-01 -4.60334778e-01  3.52830172e-01
  1.84225962e-01 -9.83889818e-01  9.24982652e-02  1.66434690e-01
  3.25044364e-01  1.38978973e-01 -1.36084989e-01 -3.00215811e-01
 -1.11502260e-01 -7.00124204e-01 -1.30208537e-01 -1.63750667e-02
  3.69520575e-01 -3.30729038e-02  1.46504119e-01  9.90158975e-01
  6.40647113e-02  4.59897704e-02  2.78438807e-01 -8.64799395e-02
  1.97753862e-01  8.13322365e-01 -6.22802496e-01 -3.23210627e-01
 -1.95268795e-01  4.75993156e-02  4.94298071e-01  4.58639652e-01
  4.49693590e-01  3.78205538e-01 -6.62005246e-02 -2.06204340e-01
  2.67090887e-01 -1.85158160e-02 -4.77677912e-01 -1.01627089e-01
 -2.83830434e-01 -3.76590014e-01  3.14865828e-01 -5.79846799e-02
  1.08922742e-01  5.89762218e-02 -4.35984470e-02  2.58687228e-01
  7.61210099e-02 -5.66599786e-01 -3.92640615e-03  1.93303838e-01
  9.59502086e-02  1.77864149e-01 -3.73689502e-01  5.22569753e-02
  2.52049178e-01 -1.07583046e-01  1.77174374e-01 -3.32460284e-01
  5.76442890e-02  4.30310488e-01  1.10183112e-01  1.34284228e-01
  3.39159817e-01 -5.84464848e-01  6.92313910e-02 -3.28810930e-01
 -9.60944965e-02  3.69737297e-01  7.07393825e-01 -9.54866111e-02
  1.30003229e-01 -3.02341849e-01 -2.62741834e-01  7.86852837e-03
  2.40298212e-01  1.77377582e-01  9.67619792e-02 -2.04093265e-03
 -5.13230748e-02  5.49010217e-01 -4.34180386e-02 -7.45672360e-02
 -4.90221620e-01  2.88479570e-02  3.55970003e-02 -6.39696047e-02
 -2.93893665e-01 -5.49313538e-02  3.69973809e-01  2.98420221e-01
 -4.30451542e-01  1.53517589e-01  3.17701966e-01 -3.44217867e-01
 -4.13055032e-01  3.91065985e-01 -1.21887229e-01 -1.71781704e-02
  3.65675166e-02  9.11163017e-02  3.22538048e-01  5.96183538e-01
 -2.39206195e-01 -1.26041666e-01  9.90784839e-02 -9.03628245e-02
 -3.15523028e-01 -4.67632145e-01 -9.30516943e-02  3.59306574e-01
 -2.80695081e-01 -8.55243281e-02  1.74332857e-01  2.45015144e-01
  1.46755353e-01  6.30177557e-03  6.57292083e-03  6.33350909e-02
 -1.42865241e-01  1.11985892e-01  3.95093918e-01 -2.34282270e-01
  6.07393198e-02 -2.85029411e-01 -9.90405083e-02  1.94980308e-01
 -3.49555254e-01  6.54871285e-01  1.50704220e-01  1.60546467e-01
  2.61895150e-01 -1.26090750e-01  7.30750039e-02 -7.46977255e-02
 -2.83187139e-03  5.62396705e-01 -7.20072746e-01  8.75983238e-02
  4.48327273e-01  4.74596657e-02  1.91416606e-01 -3.28793645e-01
 -1.17679261e-01  1.55586898e-01 -1.34656057e-01 -2.95428425e-01
  9.56345201e-02  2.77905792e-01  2.61346519e-01  3.12340826e-01
 -9.43203792e-02 -1.67739466e-01  1.01583622e-01  3.31002146e-01
 -1.56642899e-01 -2.20359564e-01 -2.30599999e-01 -3.24575394e-01
 -2.88155526e-01 -7.81279877e-02 -6.96109235e-02 -3.41326863e-01
  3.20615739e-01 -1.04043774e-01  5.60141802e-01 -5.57884276e-02
  4.93548848e-02 -1.77662864e-01 -1.12213373e-01 -4.82622348e-02
 -2.07784250e-01 -4.78585511e-02  1.46360472e-01 -1.16593800e-01
  5.00315195e-03 -1.53424917e-02  9.46469530e-02  2.63227019e-02
 -3.99396747e-01  5.56922853e-02  1.48694739e-01  1.03382610e-01
  3.09925914e-01  2.67279178e-01 -2.48784572e-02  2.01356545e-01
  4.00898129e-01 -9.10610333e-02  1.06100500e-01  2.26171777e-01
 -2.04711240e-02 -1.27932653e-01 -2.38838509e-01  2.87547141e-01
  4.14618850e-01 -3.70391682e-02 -3.41173023e-01  5.31826496e-01
  2.15037063e-01  1.96196828e-02  1.20104730e-01 -5.01966238e-01
  2.11578310e-01  1.94105938e-01  4.37501460e-01 -1.03219621e-01
  5.12006544e-02 -2.19266012e-01  3.65256071e-01 -4.86984961e-02
  3.55661404e-03  3.70081902e-01  1.51616586e-02 -3.54500604e-03
  2.88085490e-01 -2.71982372e-01  4.09746796e-01  4.35400277e-01
  2.95124024e-01 -2.00488329e-01 -3.84332061e-01 -3.99021097e-02
  7.04209030e-01  4.78659630e-01  2.95529008e-01  2.19014734e-02
 -4.05922562e-01  1.68513492e-01  9.54036638e-02 -2.47952506e-01
  2.79926658e-01 -2.64064640e-01  3.71609062e-01 -2.21537247e-01
 -4.62429613e-01 -3.76255751e-01 -3.95155996e-01  1.75859496e-01
  1.97366551e-01 -3.30623150e-01  3.67225427e-03  1.76163614e-01
  4.96739954e-01  5.18248141e-01 -2.47340247e-01 -2.40821764e-01
  6.20078802e-01  3.62572193e-01 -2.44878650e-01 -7.66819715e-02
 -1.08627699e-01  9.37709436e-02 -1.87201023e-01 -7.35021755e-02
 -7.74507702e-04 -9.05650631e-02  5.44171743e-02 -2.93496102e-01
 -1.22065507e-02  7.81865716e-02 -2.10791811e-01  1.30452767e-01
 -1.49422452e-01  5.12167394e-01 -1.13060236e-01  2.71818548e-01
  9.77078304e-02 -2.03362837e-01 -2.82222927e-02 -2.08313372e-02
 -2.19571471e-01  5.95592797e-01  4.02964592e-01  4.73025851e-02
  2.00388670e-01 -4.60126847e-01 -2.64072716e-01 -5.22049784e-04
  1.97109338e-02  8.38659778e-02  1.12989694e-02 -1.43899128e-01
 -4.73657459e-01  1.55835137e-01 -1.74369410e-01 -9.14454982e-02
  5.85782349e-01  1.78684250e-01  5.57260327e-02 -3.11533689e-01
 -4.85519737e-01 -5.81937611e-01  7.82643035e-02 -2.64853001e-01
 -1.77083910e-01  4.05910999e-01 -2.72994995e-01  4.30424958e-01
  3.95902246e-01 -3.14697355e-01 -1.77168828e-02 -5.05445898e-03
  3.46557379e-01 -1.53281525e-01 -1.03569247e-01 -6.61924541e-01
  1.03840418e-01 -7.26058707e-02  5.60334176e-02  5.86462319e-02
  1.39478192e-01 -1.40977517e-01 -6.80685416e-02  1.16512246e-01
  4.19675350e-01 -2.05993697e-01 -1.13543071e-01  2.61954427e-01
  9.32801366e-02  4.75235313e-01 -1.56452563e-02  1.89114407e-01
 -2.86712740e-02  2.52947301e-01  3.04034382e-01 -5.79568259e-02
  4.20977086e-01  1.55742494e-02  1.33428052e-01  1.24761946e-01
  4.00471725e-02  3.94676886e-02  4.42445762e-02  4.54222590e-01
  2.60566145e-01 -9.90645960e-03  3.53778452e-01  4.51971442e-02
 -8.05841312e-02 -1.86836720e-02  4.87351805e-01  2.06885532e-01
  2.43856743e-01  3.30819517e-01  2.12209523e-01  7.97657296e-02
 -4.06045355e-02 -1.36804268e-01 -3.97380024e-01  4.22709554e-01
  2.29115188e-01  8.19776133e-02  1.88793484e-02 -1.01892948e-01
 -5.28098047e-01 -2.44241849e-01 -3.80712539e-01 -4.95297998e-01
  3.29009563e-01 -2.34215394e-01 -1.48768559e-01 -4.72207457e-01
 -6.41099513e-02  1.20787703e-01 -5.74774630e-02  8.27340409e-02
  7.13302866e-02  1.46086082e-01  2.21098736e-01  3.49342197e-01
 -2.02544723e-02 -2.81690154e-02  1.00640707e-01 -3.26964222e-02
 -4.41298895e-02  9.92264450e-02 -1.24014705e-01  4.01527109e-03
  5.37251532e-01  3.43321055e-01 -3.62746082e-02  1.19569518e-01
 -1.25415131e-01 -4.48598601e-02 -1.67611241e-01  4.83036153e-02
  3.70913781e-02  3.92734259e-01  4.15283591e-01 -4.02253777e-01
  3.06858391e-01  1.10125609e-01 -1.34918436e-01  2.08539113e-01
 -8.42495263e-02 -5.23520648e-01 -7.01158270e-02  1.55254990e-01
 -1.05205841e-01 -5.83190210e-02 -2.26123571e-01  2.26035476e-01
  3.81972224e-01  6.66825533e-01  2.72653133e-01 -1.35634795e-01
  5.02305806e-01  5.21154642e-01  3.24690670e-01 -7.16620162e-02
  1.35430351e-01 -4.05259132e-02 -5.80609404e-02 -1.83596373e-01
 -5.93816936e-01  2.09659696e-01 -6.67225942e-02 -3.32891792e-01
 -1.92625001e-01 -4.63972062e-01  2.95118596e-02  4.12687249e-02
 -1.13843633e-02  2.19842628e-01 -6.37563244e-02 -8.02052021e-02
 -1.40079796e-01  2.99238950e-01  5.01335077e-02  1.71320498e-01
 -1.75277159e-01 -1.77112579e-01  6.84813485e-02  5.72846591e-01
  2.43062377e-02  2.02463925e-01  7.67127499e-02  1.02425896e-01
  3.53468865e-01  2.03795448e-01 -5.60218096e-03 -9.21217427e-02
 -6.12073950e-02 -5.85107803e-01  1.48816360e-02  6.43189028e-02
  1.72137931e-01 -1.10983253e-01 -5.29136002e-01  5.06955922e-01
 -2.55894154e-01  1.23122513e-01 -1.03454284e-01  8.37984160e-02
  1.10579096e-01 -2.45091543e-01 -3.77964020e-01 -7.42374733e-02
  1.14905573e-01 -2.83945948e-01  8.45028386e-02  1.82319239e-01
 -6.94173276e-01  3.38921207e-03 -1.09207360e-02 -2.63046771e-01
 -3.28794159e-02 -2.41793349e-01 -2.85036206e-01 -2.04207242e-01
 -3.84905040e-02 -3.20730537e-01  3.99712212e-02  3.26948255e-01
 -3.16334188e-01  1.46619931e-01  1.49629116e-02 -9.73174274e-02
  1.40011236e-01  1.66272268e-01  8.98796245e-02 -1.67152703e-01
  4.76871222e-01  4.77735884e-02  3.04652423e-01 -1.96441457e-01
  1.64421514e-01  6.97472468e-02  8.61631930e-02  9.24594980e-03
  7.98174739e-02  2.76743248e-02 -1.53672084e-01  7.85740688e-02
  2.12534189e-01 -2.39174008e-01  2.57038683e-01 -1.82329133e-01
  3.08434516e-01  3.90143991e-02  1.28547726e-02  2.02993289e-01
  1.52185962e-01 -7.74075910e-02  4.93027359e-01  7.15755904e-03
 -5.29636443e-02  5.66116162e-02 -2.05666542e-01 -7.79885054e-01
 -3.59342486e-01  5.95584400e-02  1.48102520e-02  1.50836214e-01
 -2.41161734e-02 -2.78541654e-01  1.88244879e-01 -1.52252644e-01
 -2.31149737e-02  4.18057404e-02 -1.56994030e-01 -2.22390011e-01
 -3.89011234e-01  8.14285934e-01 -2.13662162e-01  1.11170501e-01
  1.28612593e-01  4.26391363e-01  7.49450862e-01  4.23782200e-01
  2.00192884e-01  1.78060845e-01  2.82899946e-01 -1.07766770e-01
  1.20978571e-01 -4.53014106e-01  1.68274119e-01 -2.44442418e-01
 -3.67143393e-01 -4.44294624e-02  6.80719689e-02 -2.58132786e-01
 -5.53001165e-02  5.96120477e-01 -1.88446194e-02  4.73023504e-01
  1.94370970e-02  8.40181112e-02 -2.28965864e-01  1.42219618e-01
 -9.44496393e-02 -2.12351039e-01  5.88555150e-02 -1.73434198e-01
  9.85671282e-02  3.60325336e-01 -2.03117907e-01 -1.33413598e-01
 -3.14174891e-01 -2.76441157e-01  3.74069452e-01  2.19171241e-04
 -9.31647718e-02  5.29405296e-01 -1.82707593e-01 -1.16947889e-01
 -1.88403055e-01 -1.84961632e-01 -5.96661456e-02 -1.37272729e-02
  3.22094187e-03  2.71755338e-01 -3.23132038e-01  1.65639713e-01
 -3.15195471e-01 -1.31576480e-02  1.88404813e-01  2.57069081e-01
  1.37095228e-01 -5.61648786e-01  4.03111100e-01  8.06940272e-02
  3.03658992e-01 -2.70147294e-01  1.39804140e-01 -1.13345332e-01
 -1.19254291e-01  3.73861164e-01 -2.64836878e-01  2.97937423e-01
  2.01344132e-01  3.58176589e-01 -1.16676480e-01 -1.35331213e-01
 -3.20675522e-02  3.37053537e-01 -2.52098024e-01  1.56129003e-01
  2.96693265e-01 -6.92088604e-02 -9.40108597e-02 -1.13071583e-01
  1.10384829e-01 -3.29178452e-01  3.97407681e-01  6.95722342e-01
 -2.99737364e-01  2.27975786e-01 -2.92182833e-01  1.78572789e-01
  4.60226208e-01  1.79620925e-02 -3.04429889e-01  6.80603802e-01
  3.49786758e-01 -1.92702174e-01 -3.48645121e-01  1.97031260e-01
 -3.29644680e-01  3.22122067e-01  1.77526593e-01  4.36214596e-01
  2.34563515e-01  2.81516045e-01  9.85538960e-02 -1.98243812e-01
 -1.79502130e-01  9.58330035e-02 -1.59494236e-01  3.16371918e-02
 -2.36959100e-01  9.45260048e-01 -2.07714871e-01  1.97060004e-01
 -1.88493710e-02 -1.83740497e-01  1.73789859e-01 -3.10443044e-01
  1.41212478e-01  4.95644659e-01  1.82871982e-01  2.38655761e-01
  2.75486082e-01  5.82257509e-01  3.62353176e-01  1.15086645e-01
  1.27314031e-02  4.31462258e-01  9.90934391e-03  4.81275283e-02
  2.42639661e-01 -1.95271503e-02  2.02891901e-02 -1.81963205e-01
  1.91031843e-02 -5.16763516e-02  7.49739484e-05 -4.61447053e-02
 -2.61199296e-01  1.91817716e-01 -8.18172544e-02  1.39252841e-01
  6.44490197e-02 -1.69786707e-01 -3.22643608e-01  1.55171022e-01
  1.00531034e-01  1.38425261e-01 -1.94083974e-01  3.05002600e-01
  6.50026619e-01 -3.93441826e-01  4.46354300e-01 -1.67497233e-01
  2.25879863e-01  2.62711972e-01  4.23325777e-01 -3.13308872e-02
  8.69922563e-02  1.72986209e-01 -1.01341106e-01 -2.31284678e-01
  4.51619118e-01 -1.70061633e-01 -1.29098818e-01 -9.50139761e-03
 -3.44407372e-02 -9.33429375e-02  2.28934228e-01  5.77525675e-01
  4.53988194e-01  1.29000828e-01  3.97301316e-01 -2.14795455e-01
  1.08290970e-01 -4.52879161e-01 -2.92654425e-01 -2.39676461e-01
 -2.05865905e-01 -2.91767227e-03  5.98235093e-02  3.29296172e-01
  4.45625968e-02  8.15880895e-02 -4.07681227e-01 -4.23455946e-02]"
trường uit đại học công nghệ thông tin dhqg tp hcm có những thành tựu gì nổi bật trong lĩnh vực đào tạo?,trường đại học công nghệ thông tin uit đã đạt được nhiều thành tựu nổi bật trong lĩnh vực đào tạo bao gồm chất lượng đào tạo uit luôn nằm trong top các trường đại học hàng đầu về công nghệ thông tin tại việt nam. chương trình đào tạo của trường được thiết kế theo chuẩn quốc tế giúp sinh viên có kiến thức vững vàng và kỹ năng thực tiễn. giải thưởng và thành tích sinh viên uit thường xuyên đạt giải cao trong các cuộc thi quốc gia và quốc tế như olympic tin học và các cuộc thi về an ninh mạng. hợp tác quốc tế uit có nhiều chương trình hợp tác với các trường đại học và tổ chức quốc tế giúp sinh viên có cơ hội học tập và nghiên cứu ở nước ngoài. cơ sở vật chất hiện đại trường đầu tư mạnh vào cơ sở vật chất phòng thí nghiệm và các trang thiết bị hiện đại để hỗ trợ quá trình học tập và nghiên cứu của sinh viên. đội ngũ giảng viên uit có đội ngũ giảng viên giàu kinh nghiệm nhiều người trong số họ đã từng học tập và làm việc tại các trường đại học danh tiếng trên thế giới.,trường uit đại học công nghệ thông tin dhqg tp hcm có những thành tựu gì nổi bật trong lĩnh vực đào tạo?,"[ 9.70590487e-03  4.27956991e-02 -2.73785412e-01 -1.31118789e-01
 -6.91104308e-02  3.85278046e-01  4.34786618e-01  2.77739465e-01
  9.96471122e-02 -1.33851826e-01 -1.52273297e-01  2.31757656e-01
  4.13459986e-01  7.90855214e-02  2.64922857e-01 -3.05270970e-01
  3.98012072e-01  2.51235127e-01  1.48312226e-01 -4.06977683e-02
  2.84157783e-01 -8.10940415e-02 -1.22099176e-01  4.51843590e-01
  4.73485291e-01  1.47491783e-01  1.62135273e-01  5.33583701e-01
 -2.13400185e-01  1.84227198e-01  2.31841542e-02  3.81945893e-02
  9.86392722e-02 -2.67585441e-02  5.32275558e-01 -1.28512178e-03
 -9.08287708e-03  6.78892672e-01  1.79334432e-01  2.41733164e-01
 -2.43798606e-02 -1.46885529e-01  2.86660999e-01  4.71589744e-01
 -6.89402401e-01  3.95286381e-01 -2.13871762e-01  3.26948434e-01
  5.20556271e-02  5.12658525e-03 -3.81698012e-01 -9.14568827e-03
  3.12442422e-01  4.10473347e-01 -1.07249811e-01 -7.45980442e-02
 -4.91849422e-01 -7.88765252e-02  1.94114000e-01  4.31246758e-01
 -4.29109216e-01 -1.03870481e-01 -7.84642249e-02  3.57131600e-01
  3.36939901e-01 -5.33651114e-01  1.49836898e-01 -1.19361326e-01
  5.15191019e-01  2.35508800e-01 -8.31616148e-02 -2.92658713e-03
 -1.15986370e-01 -8.21115434e-01 -2.41206646e-01  9.35235023e-02
  1.06618725e-01 -4.67554271e-01 -9.98900086e-02  4.59364891e-01
  1.27855986e-01 -1.57513991e-02  4.00160700e-01 -5.69179654e-03
 -9.76388007e-02  4.26960975e-01 -4.44649160e-01 -2.23535553e-01
 -1.73942268e-01  2.24000365e-01  2.81434834e-01  4.99758184e-01
  4.02204692e-01 -2.10814979e-02 -1.09417289e-01 -3.13786000e-01
  7.73147866e-02  1.94867045e-01 -3.28578740e-01  7.64498264e-02
 -7.18741044e-02  5.10212332e-02 -9.44490209e-02  1.51041687e-01
 -9.84732620e-03  2.21207887e-01  1.16457805e-01  1.29076719e-01
  5.06853759e-02 -4.76872236e-01  6.09946996e-02  3.99139613e-01
 -5.09260073e-02  2.30830461e-01 -2.51248032e-01  1.71966329e-02
 -8.84436369e-02 -1.33553535e-01  9.90596712e-02  8.11291933e-02
  1.82163090e-01  5.93835831e-01  1.31053388e-01  1.56382069e-01
  2.64804102e-02 -3.34231555e-01  2.60486584e-02 -1.76136479e-01
 -4.68687415e-01  3.61861199e-01  5.45905530e-01 -3.57039630e-01
 -9.28073004e-02 -5.99926233e-01 -4.07927275e-01  1.01176426e-01
  1.99008435e-01  2.13326901e-01  4.24428105e-01 -1.67088956e-01
 -2.83983409e-01  3.47183138e-01 -1.18040025e-01 -2.09750772e-01
 -6.10603929e-01  7.68125653e-02 -3.24313700e-01  4.36639562e-02
 -3.78302008e-01 -4.73191962e-02  1.26936100e-03  3.18534851e-01
 -1.99129045e-01  2.60557473e-01  2.61744142e-01 -4.31575477e-01
 -4.25366879e-01  2.44002625e-01 -2.85574704e-01  8.34680721e-03
  7.88899958e-02  1.59520268e-01  3.45142692e-01  4.50398654e-01
 -2.71679610e-01  3.03080171e-01  3.77898395e-01  1.15854472e-01
  1.54165328e-02 -4.88184005e-01  1.37974828e-01  3.94834757e-01
  1.45117611e-01  2.80544579e-01  3.60644102e-01  8.90772045e-02
 -2.01575905e-02  8.58358666e-02 -1.87048931e-02 -2.79660106e-01
 -2.29675442e-01 -1.49744704e-01  3.26679647e-01  2.36114562e-01
  2.18374252e-01 -7.47769549e-02 -3.93978655e-02 -9.81808268e-03
 -4.91570830e-02  4.05477464e-01  1.95595361e-02  8.21196139e-02
  2.36542836e-01  1.25310510e-01 -2.10377574e-01 -1.28598541e-01
 -1.46913128e-02  6.92731857e-01 -4.59745407e-01  1.68668732e-01
  7.55454600e-01 -4.54096675e-01  4.38108921e-01 -6.17262006e-01
 -1.21976480e-01  2.10490257e-01 -3.72929603e-01 -1.64867081e-02
 -8.35337639e-02  3.03237855e-01  3.64085704e-01  4.52225626e-01
  2.98416764e-02 -1.33839041e-01  2.06537277e-01  1.35398641e-01
 -1.31776601e-01 -1.98120415e-01 -1.72811091e-01  1.76361836e-02
 -3.55825186e-01  1.03797629e-01 -1.93308666e-01 -8.64956826e-02
  1.16785415e-01 -1.09442666e-01  5.16426325e-01 -1.35984942e-01
  2.85273213e-02 -1.43661439e-01 -9.50624347e-02 -2.75461376e-03
 -1.11444570e-01  1.10974148e-01  8.75657052e-02 -1.10808179e-01
  7.98035935e-02 -2.56729424e-01  4.57140207e-01  2.64271617e-01
 -5.91976762e-01 -1.38836175e-01 -7.51872128e-03  2.41940431e-02
  3.69270563e-01  1.41454726e-01 -3.09687436e-01  1.74658269e-01
  1.95113450e-01 -2.85207689e-01 -1.48611039e-01  3.22071314e-01
 -1.47330593e-02  2.29327738e-01 -4.13558304e-01  2.40620494e-01
  3.23594958e-01 -2.33668908e-01 -4.51095253e-01  3.64097536e-01
  3.08496833e-01 -1.57465547e-01 -1.14815816e-01 -2.37911731e-01
 -1.29311144e-01 -8.51624310e-02  5.13134003e-01  1.35305345e-01
 -8.56315643e-02 -2.36330777e-01  1.26807213e-01 -2.31350169e-01
 -5.12759447e-01  4.14979681e-02 -1.56519473e-01 -1.16972387e-01
  4.34046984e-01 -3.03828657e-01 -6.93134964e-04  3.90027314e-02
  2.71558970e-01 -2.21565962e-01 -1.16145000e-01 -6.10677451e-02
  6.76838756e-01  7.46681571e-01  2.60428220e-01  7.04200417e-02
 -3.57022524e-01  1.31811664e-01  8.46342370e-02 -2.52060771e-01
  7.52185509e-02 -1.50352987e-02  1.06157362e-01  5.54038212e-02
 -1.58899933e-01  1.52053684e-01 -2.98493803e-01  1.32437825e-01
  7.71753192e-02 -3.73789489e-01 -1.61759734e-01  1.03688449e-01
  5.37053764e-01  6.58707917e-01 -2.24721342e-01 -9.94670689e-02
  4.44639027e-01  3.32513243e-01 -3.49928081e-01  2.92559385e-01
 -1.19633332e-01  3.20814043e-01 -2.15269178e-01 -1.47625148e-01
  1.74166158e-01 -1.84785575e-02  3.47244114e-01 -4.12850559e-01
 -1.15876496e-01  5.89172766e-02 -2.28784472e-01  3.72844368e-01
 -2.48172879e-03  5.81403315e-01 -1.32600337e-01  5.55387497e-01
  1.90168858e-01  4.42220867e-02  4.00411338e-02 -2.68491268e-01
 -2.89028943e-01  2.99593627e-01  1.95901826e-01  8.64679441e-02
  4.81414869e-02 -2.65039831e-01 -4.26983327e-01  1.39055267e-01
  1.48022532e-01  5.83349057e-02  4.60655056e-02 -2.98819125e-01
 -3.90864491e-01  1.09048737e-02 -4.60198104e-01 -1.29666075e-01
  4.58737820e-01  1.21224307e-01  3.38636994e-01 -2.65837699e-01
 -2.38623738e-01 -5.95944881e-01  1.27029106e-01 -4.59188759e-01
 -3.51439714e-01  2.26866081e-01 -1.58807158e-01  6.56711936e-01
  3.17974865e-01 -1.19035199e-01 -1.15366742e-01 -2.90904969e-01
  4.22621727e-01 -2.31324881e-01 -1.61633775e-01 -6.45910621e-01
 -2.15388350e-02 -1.04827642e-01 -3.08620073e-02  1.58700962e-02
 -2.06733868e-01 -3.99605215e-01  1.73196465e-01  1.60648465e-01
  3.31469253e-03 -8.10159296e-02 -2.71004885e-02 -2.77739912e-02
  3.07883054e-01  3.29622507e-01 -1.18380494e-01  3.00611854e-01
  6.37995899e-02  7.67304450e-02 -8.17720890e-02  2.66064275e-02
  1.72689512e-01 -1.27039790e-01 -6.62361830e-02 -9.40632820e-03
 -2.60828316e-01 -1.38916150e-02  3.70880514e-02  3.08549762e-01
  1.29388183e-01 -5.91403805e-02 -1.33976340e-04  3.63057762e-01
 -2.29432672e-01 -3.57662082e-01  5.13021350e-01  1.24440357e-01
  1.94309771e-01  2.31338173e-01  8.90854970e-02  1.86368495e-01
 -2.57823050e-01  9.26131979e-02 -2.54628748e-01  4.58021492e-01
  3.98044884e-02  2.39826553e-02 -3.90513651e-02  1.40382588e-01
 -4.39519584e-01 -2.00450823e-01 -1.56107917e-01 -3.44702572e-01
  3.82119596e-01 -1.15938209e-01 -3.02213669e-01 -3.00239921e-01
  1.02167130e-01  1.70342684e-01 -2.58102864e-01  1.21882901e-01
 -1.45120993e-01  8.60234722e-02  1.69178873e-01  3.80705111e-02
  1.28942832e-01 -5.77700734e-01  4.12327498e-02 -1.10614158e-01
 -8.74417871e-02  2.25176960e-01 -3.15587580e-01  2.54371643e-01
  2.54271328e-01  1.11664563e-01  3.80462557e-02  2.76801705e-01
 -1.62050694e-01 -2.37020582e-01  4.45854105e-02  5.09413004e-01
  1.46257244e-02  1.75706968e-01  4.43519235e-01 -3.98871839e-01
  4.24597889e-01  1.25653133e-01 -2.15862095e-01 -1.59586426e-02
 -2.19810367e-01 -4.05524015e-01  2.81463683e-01  6.15314469e-02
 -1.08858243e-01 -2.54227996e-01 -2.24629030e-01 -4.91183624e-03
  2.15964898e-01  4.49569404e-01  1.63813978e-01 -1.89529821e-01
  3.48877668e-01 -8.69147703e-02  1.64066374e-01  9.79932696e-02
  1.53681144e-01 -2.91161761e-02  2.39966303e-01 -4.04201858e-02
 -7.89926797e-02  1.96216434e-01 -5.61675802e-02 -8.82897675e-02
 -1.30166739e-01 -3.68616194e-01  6.78620040e-02 -6.91636801e-02
 -2.29322731e-01  4.00302619e-01 -7.51906112e-02 -2.87875198e-02
 -3.54167134e-01  2.51038402e-01 -3.16723228e-01  1.51707828e-01
 -3.48162353e-01  7.74770379e-02  8.80385563e-03  5.05929410e-01
  1.44726038e-01  1.70695968e-02  8.54456201e-02 -1.37890249e-01
  7.31513560e-01  2.19678551e-01 -1.70851156e-01  1.35638565e-01
 -5.11603504e-02 -1.42419577e-01  1.63308740e-01  2.74567306e-01
 -3.73139918e-01 -3.84702645e-02 -5.69020092e-01  5.81479549e-01
  1.04318075e-01 -6.84066266e-02 -6.66644871e-02  1.73498839e-01
 -3.76100898e-01 -1.28256604e-01 -3.39801878e-01  1.25254124e-01
  2.26478845e-01 -1.37152463e-01 -2.43409261e-01 -2.61721194e-01
 -7.46823847e-01  2.60592520e-01  2.44006813e-02 -1.24561355e-01
  8.07083622e-02 -1.08774163e-01 -1.64808974e-01 -1.00232936e-01
 -3.15701544e-01 -3.50068659e-01 -1.21842727e-01  2.09922343e-01
 -3.32970887e-01  2.72842854e-01  1.47014409e-01 -1.99012876e-01
  9.84562784e-02  1.34233609e-01  1.25298165e-02 -9.90884900e-02
  2.91164935e-01  3.26045543e-01  6.66452944e-01 -5.07984608e-02
  2.36609787e-01  1.40424192e-01  7.16283917e-04 -3.56181525e-02
 -3.21440786e-01 -4.81045693e-02 -3.32718045e-02  2.37681895e-01
  5.07460475e-01 -9.25899148e-02  2.29509592e-01  1.13520041e-01
  2.68423319e-01  1.33321643e-01  3.48979175e-01  1.43062234e-01
  3.35701138e-01 -2.00107902e-01  3.10975045e-01  3.57034445e-01
 -2.80362606e-01 -7.48313963e-02 -3.09119582e-01 -4.82695520e-01
 -5.01237154e-01 -4.36774753e-02 -1.09478552e-02  3.33148062e-01
  9.67102647e-02 -1.74162745e-01  5.95859945e-01 -2.45078146e-01
 -3.92532013e-02  1.04568169e-01 -2.25458682e-01  3.42712760e-01
  2.26777345e-01  4.04593825e-01  2.41849553e-02 -2.54246533e-01
  2.65869439e-01  5.01465261e-01  1.04536498e+00  6.13233805e-01
  1.75667942e-01 -8.02961439e-02 -1.34745985e-01  1.40876576e-01
 -1.88331120e-02 -6.87544703e-01  1.61475241e-01 -1.67559683e-01
 -3.92830312e-01 -1.19055852e-01  6.80169538e-02 -1.27862662e-01
  1.43993706e-01  5.31904340e-01 -1.81583405e-01  1.19830333e-01
  1.51676521e-01 -1.26343995e-01 -4.82436538e-01 -8.09327811e-02
  2.58374661e-02  8.39527696e-02  3.44013795e-02 -7.88646340e-02
  2.71226346e-01  2.77447328e-02 -1.39711022e-01  8.80700629e-03
 -1.96955174e-01 -7.55428970e-02  2.55290538e-01  3.03729698e-02
 -2.67895497e-02  2.79199898e-01 -3.02861035e-02  9.35517251e-03
 -1.25711173e-01 -2.19874308e-01  8.23287144e-02 -2.38389879e-01
 -1.67067796e-02  3.13489944e-01  1.56796381e-01  9.24589112e-02
 -4.12320882e-01 -1.38618037e-01  2.00476646e-01  5.94061553e-01
  9.12611112e-02  2.60084681e-03  2.95823544e-01 -1.36838213e-01
  1.39590383e-01 -2.50101499e-02  8.45544785e-03 -3.17627937e-02
  1.51833564e-01  4.16752324e-02 -1.92662835e-01 -1.25201270e-01
 -1.21425763e-02  2.67004371e-01 -3.91524851e-01 -3.08619142e-02
 -9.78757516e-02  5.14213562e-01 -3.08875293e-02  2.48505585e-02
  1.34116590e-01  8.77638161e-02 -1.37181297e-01 -2.16585457e-01
  3.09740484e-01 -3.79332900e-03  2.43759006e-01  3.32779795e-01
 -1.26355797e-01  2.83479899e-01 -4.49973978e-02 -2.49020159e-02
  4.79971141e-01 -6.10433519e-02 -2.78014302e-01  7.39513874e-01
  2.42962778e-01 -1.34814948e-01 -1.17262192e-01  1.50160208e-01
 -5.45801997e-01  3.00631046e-01 -3.58323529e-02  2.10768208e-01
  1.06134117e-02  4.75970596e-01  1.07980222e-01 -1.29402414e-01
 -1.93563014e-01 -1.52276427e-01 -2.40635127e-01 -2.61376165e-02
  8.64494741e-02  9.12035286e-01 -1.45990521e-01  3.38041447e-02
  2.72834040e-02  5.37042059e-02 -6.81515783e-02 -2.79250443e-01
  3.69861960e-01  8.12435508e-01  1.45348370e-01  1.00577854e-01
  1.39176205e-01  2.25398481e-01  4.69181985e-01  1.73810437e-01
  1.02313675e-01  5.09178877e-01 -1.18678026e-02 -2.21997425e-02
  1.44812942e-01  3.96657407e-01  4.63239163e-01 -3.75782967e-01
  2.21261278e-01  1.45524770e-01 -3.95718932e-01 -3.89827415e-02
  1.41956866e-01 -2.80883372e-01  9.59161967e-02 -2.04866789e-02
  9.59026068e-03 -1.64484888e-01  1.73872352e-01 -3.10292374e-02
 -1.38316557e-01  2.19613716e-01 -1.85814470e-01 -6.16568178e-02
  5.55277646e-01  1.96643025e-01  4.01334584e-01 -2.62604892e-01
  4.95456718e-02  5.24326086e-01  1.98012888e-01 -9.15234610e-02
  1.84876621e-01  1.99568644e-02 -2.48887166e-01 -1.55821323e-01
  3.57652217e-01  1.88869312e-01 -1.75005704e-01 -2.16086850e-01
 -1.05365425e-01  1.24382690e-01 -1.22440442e-01  6.71859264e-01
  3.05905104e-01  4.39737469e-01  2.62763619e-01 -2.94095069e-01
  2.74298131e-01 -5.22274494e-01 -2.67406881e-01  3.53311419e-01
 -2.97044516e-02 -5.77773824e-02 -1.54811591e-02  1.71437770e-01
  1.08813271e-01  1.84059530e-01 -4.14399207e-01  2.76668239e-02]"
